Customer_Issue,Tech_Response,Issue_Status
Cannot connect to Wi-Fi,Clear cache and remove unnecessary programs.,Pending
Software installation failure,Reinstall the printer drivers.,Pending
Cannot connect to Wi-Fi,Clear cache and remove unnecessary programs.,Resolved
Forgot password,Reset your password using the link provided.,Pending
Software installation failure,Follow the software installation guide.,Pending
Unable to access email,Follow the software installation guide.,Resolved after follow-up
Unable to access email,Run a system diagnostic tool.,Resolved after follow-up
Unable to access email,Reinstall the printer drivers.,Escalated
Blue screen error,Run a system diagnostic tool.,Pending
Printer not responding,Reinstall the printer drivers.,Pending
Software installation failure,Verify your email settings.,Escalated
Blue screen error,Reset your password using the link provided.,Resolved
Slow system performance,Clear cache and remove unnecessary programs.,Pending
Blue screen error,Restart your router.,Resolved after follow-up
Blue screen error,Reset your password using the link provided.,Escalated
Slow system performance,Restart your router.,Resolved
Forgot password,Reinstall the printer drivers.,Resolved after follow-up
Printer not responding,Restart your router.,Resolved after follow-up
Software installation failure,Reset your password using the link provided.,Escalated
Unable to access email,Verify your email settings.,Resolved after follow-up
Cannot connect to Wi-Fi,Verify your email settings.,Escalated
Forgot password,Run a system diagnostic tool.,Pending
Printer not responding,Run a system diagnostic tool.,Resolved after follow-up
Blue screen error,Clear cache and remove unnecessary programs.,Pending
Slow system performance,Run a system diagnostic tool.,Resolved
Forgot password,Restart your router.,Resolved after follow-up
Unable to access email,Clear cache and remove unnecessary programs.,Resolved after follow-up
Software installation failure,Restart your router.,Resolved after follow-up
Software installation failure,Follow the software installation guide.,Resolved after follow-up
Printer not responding,Reinstall the printer drivers.,Resolved
Slow system performance,Reinstall the printer drivers.,Resolved
Slow system performance,Reset your password using the link provided.,Escalated
Unable to access email,Follow the software installation guide.,Resolved
Blue screen error,Reinstall the printer drivers.,Resolved
Forgot password,Follow the software installation guide.,Resolved
Blue screen error,Clear cache and remove unnecessary programs.,Escalated
Software installation failure,Run a system diagnostic tool.,Pending
Cannot connect to Wi-Fi,Follow the software installation guide.,Resolved
Printer not responding,Restart your router.,Escalated
Slow system performance,Reset your password using the link provided.,Resolved
Printer not responding,Reset your password using the link provided.,Escalated
Forgot password,Clear cache and remove unnecessary programs.,Pending
Software installation failure,Clear cache and remove unnecessary programs.,Pending
Software installation failure,Restart your router.,Escalated
Unable to access email,Clear cache and remove unnecessary programs.,Escalated
Forgot password,Run a system diagnostic tool.,Escalated
Slow system performance,Verify your email settings.,Escalated
Software installation failure,Reinstall the printer drivers.,Escalated
Printer not responding,Verify your email settings.,Escalated
Printer not responding,Run a system diagnostic tool.,Resolved
Unable to access email,Clear cache and remove unnecessary programs.,Resolved
Blue screen error,Verify your email settings.,Resolved after follow-up
Slow system performance,Clear cache and remove unnecessary programs.,Resolved after follow-up
Forgot password,Follow the software installation guide.,Pending
Software installation failure,Verify your email settings.,Resolved after follow-up
Cannot connect to Wi-Fi,Reset your password using the link provided.,Pending
Printer not responding,Reset your password using the link provided.,Pending
Blue screen error,Reinstall the printer drivers.,Resolved after follow-up
Forgot password,Follow the software installation guide.,Resolved after follow-up
Blue screen error,Reinstall the printer drivers.,Pending
Unable to access email,Restart your router.,Resolved after follow-up
Printer not responding,Clear cache and remove unnecessary programs.,Resolved after follow-up
Unable to access email,Verify your email settings.,Resolved
Software installation failure,Run a system diagnostic tool.,Resolved
Printer not responding,Verify your email settings.,Resolved
Printer not responding,Clear cache and remove unnecessary programs.,Resolved
Slow system performance,Reset your password using the link provided.,Resolved after follow-up
Cannot connect to Wi-Fi,Follow the software installation guide.,Escalated
Cannot connect to Wi-Fi,Reinstall the printer drivers.,Escalated
Slow system performance,Follow the software installation guide.,Resolved after follow-up
Software installation failure,Clear cache and remove unnecessary programs.,Resolved
Blue screen error,Reinstall the printer drivers.,Escalated
Cannot connect to Wi-Fi,Restart your router.,Escalated
Printer not responding,Follow the software installation guide.,Resolved
Cannot connect to Wi-Fi,Clear cache and remove unnecessary programs.,Resolved after follow-up
Blue screen error,Follow the software installation guide.,Pending
Printer not responding,Reinstall the printer drivers.,Escalated
Slow system performance,Reinstall the printer drivers.,Pending
Printer not responding,Follow the software installation guide.,Pending
Slow system performance,Reinstall the printer drivers.,Escalated
Software installation failure,Clear cache and remove unnecessary programs.,Resolved after follow-up
Slow system performance,Follow the software installation guide.,Escalated
Cannot connect to Wi-Fi,Verify your email settings.,Pending
Blue screen error,Follow the software installation guide.,Resolved
Cannot connect to Wi-Fi,Run a system diagnostic tool.,Resolved
Cannot connect to Wi-Fi,Verify your email settings.,Resolved after follow-up
Slow system performance,Reinstall the printer drivers.,Resolved after follow-up
Software installation failure,Clear cache and remove unnecessary programs.,Escalated
Forgot password,Verify your email settings.,Pending
Cannot connect to Wi-Fi,Clear cache and remove unnecessary programs.,Escalated
Forgot password,Restart your router.,Pending
Printer not responding,Reinstall the printer drivers.,Resolved after follow-up
Cannot connect to Wi-Fi,Restart your router.,Pending
Forgot password,Clear cache and remove unnecessary programs.,Escalated
Unable to access email,Run a system diagnostic tool.,Pending
Slow system performance,Run a system diagnostic tool.,Escalated
Printer not responding,Verify your email settings.,Pending
Software installation failure,Restart your router.,Pending
Cannot connect to Wi-Fi,Restart your router.,Resolved
Printer not responding,Reset your password using the link provided.,Resolved
Unable to access email,Follow the software installation guide.,Pending
Software installation failure,Reinstall the printer drivers.,Resolved
Cannot connect to Wi-Fi,Reinstall the printer drivers.,Pending
Blue screen error,Reset your password using the link provided.,Pending
Unable to access email,Verify your email settings.,Escalated
Printer not responding,Verify your email settings.,Resolved after follow-up
Cannot connect to Wi-Fi,Verify your email settings.,Resolved
Cannot connect to Wi-Fi,Reset your password using the link provided.,Resolved
Software installation failure,Reinstall the printer drivers.,Resolved after follow-up
Forgot password,Clear cache and remove unnecessary programs.,Resolved
Printer not responding,Clear cache and remove unnecessary programs.,Pending
Forgot password,Clear cache and remove unnecessary programs.,Resolved after follow-up
Blue screen error,Restart your router.,Escalated
Slow system performance,Follow the software installation guide.,Resolved
Forgot password,Reinstall the printer drivers.,Escalated
Software installation failure,Verify your email settings.,Resolved
Slow system performance,Clear cache and remove unnecessary programs.,Resolved
Unable to access email,Reinstall the printer drivers.,Resolved
Forgot password,Verify your email settings.,Resolved
Software installation failure,Reset your password using the link provided.,Pending
Printer not responding,Follow the software installation guide.,Resolved after follow-up
Cannot connect to Wi-Fi,Reset your password using the link provided.,Escalated
Printer not responding,Clear cache and remove unnecessary programs.,Escalated
Unable to access email,Verify your email settings.,Pending
Cannot connect to Wi-Fi,Follow the software installation guide.,Resolved after follow-up
Cannot connect to Wi-Fi,Run a system diagnostic tool.,Pending
Blue screen error,Run a system diagnostic tool.,Escalated
Slow system performance,Follow the software installation guide.,Pending
Software installation failure,Run a system diagnostic tool.,Escalated
Slow system performance,Restart your router.,Resolved after follow-up
Blue screen error,Verify your email settings.,Pending
Blue screen error,Reset your password using the link provided.,Resolved after follow-up
Forgot password,Restart your router.,Resolved
Forgot password,Verify your email settings.,Escalated
Software installation failure,Run a system diagnostic tool.,Resolved after follow-up
Software installation failure,Restart your router.,Resolved
Forgot password,Run a system diagnostic tool.,Resolved
Forgot password,Restart your router.,Escalated
Unable to access email,Reset your password using the link provided.,Resolved
Blue screen error,Follow the software installation guide.,Resolved after follow-up
Printer not responding,Follow the software installation guide.,Escalated
Blue screen error,Clear cache and remove unnecessary programs.,Resolved
Slow system performance,Restart your router.,Escalated
Software installation failure,Reset your password using the link provided.,Resolved
Printer not responding,Restart your router.,Resolved
Slow system performance,Run a system diagnostic tool.,Pending
Blue screen error,Follow the software installation guide.,Escalated
Unable to access email,Restart your router.,Escalated
Blue screen error,Restart your router.,Pending
Forgot password,Reinstall the printer drivers.,Pending
Unable to access email,Clear cache and remove unnecessary programs.,Pending
Forgot password,Reset your password using the link provided.,Resolved after follow-up
Unable to access email,Reset your password using the link provided.,Resolved after follow-up
Blue screen error,Restart your router.,Resolved
Cannot connect to Wi-Fi,Reinstall the printer drivers.,Resolved after follow-up
Cannot connect to Wi-Fi,Run a system diagnostic tool.,Resolved after follow-up
Cannot connect to Wi-Fi,Restart your router.,Resolved after follow-up
Cannot connect to Wi-Fi,Reinstall the printer drivers.,Resolved
Slow system performance,Reset your password using the link provided.,Pending
Forgot password,Verify your email settings.,Resolved after follow-up
Blue screen error,Run a system diagnostic tool.,Resolved after follow-up
Forgot password,Run a system diagnostic tool.,Resolved after follow-up
Printer not responding,Run a system diagnostic tool.,Pending
Blue screen error,Clear cache and remove unnecessary programs.,Resolved after follow-up
Cannot connect to Wi-Fi,Run a system diagnostic tool.,Escalated
Unable to access email,Reset your password using the link provided.,Pending
Blue screen error,Run a system diagnostic tool.,Resolved
Forgot password,Follow the software installation guide.,Escalated
Unable to access email,Reinstall the printer drivers.,Pending
Blue screen error,Verify your email settings.,Resolved
Slow system performance,Run a system diagnostic tool.,Resolved after follow-up
Unable to access email,Follow the software installation guide.,Escalated
Software installation failure,Reset your password using the link provided.,Resolved after follow-up
Printer not responding,Restart your router.,Pending
Printer not responding,Run a system diagnostic tool.,Escalated
Cannot connect to Wi-Fi,Follow the software installation guide.,Pending
Cannot connect to Wi-Fi,Reset your password using the link provided.,Resolved after follow-up
Slow system performance,Verify your email settings.,Resolved after follow-up
Unable to access email,Reset your password using the link provided.,Escalated
Printer not responding,Reset your password using the link provided.,Resolved after follow-up
Slow system performance,Restart your router.,Pending
Software installation failure,Verify your email settings.,Pending
Software installation failure,Follow the software installation guide.,Escalated
Forgot password,Reset your password using the link provided.,Resolved
Blue screen error,Verify your email settings.,Escalated
Unable to access email,Reinstall the printer drivers.,Resolved after follow-up
Slow system performance,Verify your email settings.,Pending
Slow system performance,Verify your email settings.,Resolved
Software installation failure,Follow the software installation guide.,Resolved
Unable to access email,Restart your router.,Pending
Unable to access email,Run a system diagnostic tool.,Resolved
Forgot password,Reset your password using the link provided.,Escalated
Forgot password,Reinstall the printer drivers.,Resolved
Unable to access email,Restart your router.,Resolved
Unable to access email,Run a system diagnostic tool.,Escalated
Slow system performance,Clear cache and remove unnecessary programs.,Escalated
